Country|Name|lat|lng|Altitude
United States|New York City|40.7142691|-74.0059738|2.0
	ANNE ARUNDEL COUNTY PUBLIC LIBRARY	38.9807872	-76.5685635
	METROPOLITAN COLLEGE OF NEW YORK	40.7087232	-74.0149514
	AUBURN UNIVERSITY	32.5933574	-85.4951663
	UNIVERSITY OF SOUTH ALABAMA, BIOMEDICAL LIBRARY	30.6988469	-88.1758233
	ATLANTIC COUNTY LIBRARY	39.4509842	-74.7254059
	NAVAL POSTGRADUATE SCHOOL	36.5971462	-121.8740536
	U.S. ARMY PICATINNY	40.9170764	-74.5805051
	CENTER FOR ARMY ANALYSIS	39.3508154	-94.9141046
	UNIVERSITY OF ARKANSAS - FAYETTEVILLE	36.0678324	-94.1736551
	USDA FOREST SVS. ROCKY MOUNTAIN STATION	45.6623705	-111.0456875
	UNIV OF ARK FOR MEDICAL SCI AREA HEALTH EDUC CTR	34.7503633	-92.3226895
	WILLIAM BEAUMONT ARMY MEDICAL CENTER	31.8215059	-106.4630052
	UNIVERSITY OF CENTRAL ARKANSAS	35.0780913	-92.4579383
	UNIVERSITY OF ARKANSAS/LITTLE ROCK	34.7240568	-92.3388872
	MONTGOMERY CITY COUNTY PUBLIC LIBRARY	32.3725223	-86.3054481
	UNIVERSITY OF MONTEVALLO	33.1067187	-86.8654168
	ANGELO STATE UNIVERSITY	31.4382686	-100.4602762
	UNIVERSITY OF NORTH ALABAMA	34.8074555	-87.6811676
	ANTIOCH NEW ENGLAND GRAD SCHOOL	42.9317822	-72.2938339
	NEW JERSEY ATTORNEY GENERALS OFFICE	40.7382789	-74.1723248
	UNIVERSITY OF MASSACHUSETTS AMHERST	42.3911569	-72.5267121
	ATLANTA UNIVERSITY CENTER	33.7505746	-84.4118579
	ALVERNIA COLLEGE	40.3112017	-75.931668
	FAIRFAX COUNTY PUBLIC LIBRARY	38.7399701	-77.1645675
	LOUDOUN COUNTY PUBLIC LIBRARY	39.033235	-77.394779
	GRAND CANYON UNIVERSITY	33.5105204	-112.1299582
	NORTHERN ARIZONA UNIVERSITY	35.1851895	-111.6547075
	TUCSON-PIMA PUBLIC LIBRARY	32.2752407	-110.8733079
	BALTIMORE COUNTY PUBLIC LIBRARY	39.4602846	-76.629213
	BABSON COLLEGE	42.2964421	-71.2657077
	UNIVERSITY OF BALTIMORE	39.3061598	-76.6162325
	BOWDOIN COLLEGE	43.9076929	-69.9639971
	BROOKDALE COMMUNITY COLLEGE LIBRARY	40.3261038	-74.1333551
	BRYANT & STRATTON COLLEGE SYRACUSE NORTH	43.0590789	-76.137053
	BRIDGEWATER STATE COLLEGE	41.987662	-70.9665499
	ARCADIA UNIVERSITY	40.0914406	-75.1648845
	FORT BELVOIR LIBRARY	38.6922501	-77.1377185
	BERGEN COMMUNITY COLLEGE	40.9507497	-74.0881431
	BENTLEY COLLEGE	42.3867756	-71.2203176
	BOWLING GREEN STATE UNIVERSITY MAIN CAMPUS LIBRARY	41.376503	-83.635107
	BROOKLYN PUBLIC LIBRARY	41.7312406	-92.4460298
	BELLINGHAM PUBLIC LIBRARY	48.754148	-122.478837
	UNIVERSITY OF MASSACHUSETTS/BOSTON	42.3148413	-71.0367377
	SUNY AT BINGHAMTON	42.0893553	-75.9697049
	BENNINGTON COLLEGE	42.9203078	-73.2359361
	BOSE CORPORATE LIBRARY	42.6323838	-87.8323338
	BECKER COLLEGE	42.2670243	-71.811918
	BRYANT COLLEGE	41.9211048	-71.5379512
	BIRCHARD PUBLIC LIBRARY	41.3459395	-83.1156302
	BROOKFIELD LIBRARY	43.055209	-88.125436
	BOSTON PUBLIC LIBRARY	42.3494524	-71.0788382
	BATES COLLEGE	44.1057216	-70.2021865
	SUNY AT BUFFALO	43.0008093	-78.7889697
	BURLINGTON COUNTY LIBRARY	40.014711	-74.819752
	VETERANS ADMIN MED CTR, BRONX	40.8674951	-73.9051496
	BANGOR PUBLIC LIBRARY	44.8044011	-68.7715025
	BRIGHAM YOUNG UNIVERSITY - HAWAII	21.6421732	-157.9253122
	CALIFORNIA STATE LIBRARY	38.575783	-121.496334
	COLBY COLLEGE	44.5638691	-69.6626362
	CONCORDIA UNIVERSITY	45.5701912	-122.6368874
	CHAPMAN UNIVERSITY	33.7933476	-117.8513503
	FORT LEWIS COLLEGE	37.2737453	-107.8710381
	SAN DIEGO STATE UNIVERSITY LIBRARY	32.7752172	-117.0703865
	CENTRAL OREGON COMMUNITY COLLEGE	44.0713603	-121.3485532
	CALIFORNIA STATE UNIVERSITY/FULLERTON	33.8829226	-117.8869261
	CALIFORNIA STATE UNIVERSITY/FRESNO	36.8124451	-119.7457805
	CHICAGO PUBLIC LIBRARY	41.8762968	-87.6282279
	HUMBOLDT STATE UNIVERSITY	40.8752748	-124.077821
	UNIVERSITY OF CINCINNATI	39.1329219	-84.5149504
	CLARK UNIVERSITY	42.2523452	-71.8246703
	CALIFORNIA STATE UNIVERSITY/LONG BEACH	33.7838235	-118.1140904
	UNIVERSITY OF CALIFORNIA, LOS ANGELES	34.068921	-118.4451811
	UNIVERSITY OF LA VERNE	34.100854	-117.773235
	MID-CONTINENT PUBLIC LIBRARY	39.1115776	-94.3916385
	COUNTY COLLEGE OF MORRIS	40.8588973	-74.5797228
	CAPE MAY COUNTY LIBRARY	39.0831871	-74.8251458
	NATIONAL UNIVERSITY LIBRARY	32.8279796	-117.1272397
	BOULDER PUBLIC LIBRARY	40.013952	-105.281769
	COLORADO STATE UNIVERSITY	40.573436	-105.0865473
	MESA STATE COLLEGE	39.0808594	-108.5543371
	CORNELL UNIVERSITY	42.4534492	-76.4735027
	COLORADO SCHOOL OF MINES	39.7510136	-105.2225705
	REGIS UNIVERSITY	39.7893353	-105.0298601
	UNIVERSITY OF SOUTHERN COLORADO	38.30854	-104.5760394
	UNIVERSITY OF NORTHERN COLORADO	40.4055236	-104.6961077
	UNIVERSITY OF COLORADO AT COLORADO SPRINGS	38.8964679	-104.8050594
	HOPE INTERNATIONAL UNIVERSITY	33.8768351	-117.8854274
	CARNEGIE LIBRARY OF PITTSBURGH	40.4563575	-80.0065961
	CALIFORNIA POLYTECHNIC STATE UNIVERSITY	35.3050053	-120.6624942
	CAPE COD COMMUNITY COLLEGE	41.6911001	-70.3373416
	PIKES PEAK LIBRARY DISTRICT	38.953371	-104.793064
	CALIFORNIA STATE UNIVERSITY/SAN MARCOS	33.1291944	-117.1591368
	CA STATE UNIVERSITY, SACRAMENTO	38.5612918	-121.4240519
	SAN FRANCISCO STATE UNIVERSITY LIBRARY	37.7213383	-122.4781604
	SAN JOSE STATE UNIVERSITY	37.3351874	-121.8810715
	CLEVELAND STATE UNIVERSITY	41.5024973	-81.6747185
	CENTRAL CONNECTICUT STATE UNIVERSITY	41.693255	-72.764167
	CONNECTICUT COLLEGE	41.3786877	-72.1045869
	CUNY - LA GUARDIA COMMUNITY COLLEGE	40.7443347	-73.935085
	CITY UNIVERSITY	47.6174502	-122.3444679
	UNIVERSITY OF CALIFORNIA, IRVINE	33.6404952	-117.8442962
	CURRY COLLEGE	42.2353087	-71.1111665
	UNIVERSITY OF CALIFORNIA, SANTA BARBARA	34.4139629	-119.848947
	UNIVERSITY OF CALIFORNIA, SANTA CRUZ	36.9915847	-122.0582771
	CENT WASHINGTON UNIVERSITY	38.6487895	-90.3107962
	THE BROOKINGS INSTITUTION	38.9090159	-77.0405558
	DAKOTA COUNTY LIBRARY SYSTEM	44.81778	-93.163456
	NEW CASTLE COUNTY DEPT OF LIBRARIES	39.7108666	-75.6787749
	GEORGE WASHINGTON UNIVERSITY	38.8997145	-77.0485992
	DICKINSON COLLEGE	40.2027214	-77.197232
	DAYTON & MONTGOMERY COUNTY PUBLIC LIBRARY	39.7605486	-84.1878269
	DOVER PUBLIC LIBRARY	39.1589021	-75.5226961
	BUCKS COUNTY FREE LIBRARY	40.307998	-75.125814
	DENVER PUBLIC LIBRARY	39.737371	-104.988115
	DOMINICAN UNIVERSITY OF CALIFORNIA	37.9795666	-122.513156
	DUQUESNE UNIVERSITY	40.4374516	-79.9905863
	CARROLL AND MADISON LIBRARY SYSTEM	36.3640383	-93.5686317
	NYS DEPT OF ENVIRONMENTAL CONSERVATION	42.652359	-73.74861
	AMERICAN UNIVERSITY	38.9374948	-77.0888029
	SPARROW HEALTH SCIENCES LIBRARY	42.7339085	-84.5349616
	EDUCATIONAL TESTING SERVICE	40.3445203	-74.7162036
	PALM BEACH COMMUNITY COLLEGE	26.8430204	-80.0793406
	FARMINGTON COMMUNITY LIBRARY	42.4979705	-83.3709079
	ENVIRONMENTAL PROTECTION REGIONAL II LIBRARY	40.7147314	-74.005178
	EDINBORO UNIVERSITY OF PENNSYLVANIA	41.871572	-80.1208028
	ELIZABETHTOWN COLLEGE	40.1503251	-76.589792
	MONTANA STATE UNIVERSITY BILLINGS	45.7968435	-108.5220124
	EMMANUEL COLLEGE	42.3410214	-71.1022899
	EASTERN NAZARENE COLLEGE	42.2715247	-71.0108768
	BAKER COLLEGE	42.9754572	-83.6961214
	MUHLENBERG COLLEGE	40.597544	-75.5101316
	GRAND VALLEY STATE UNIVERSITY	42.9639298	-85.8889489
	WESTERN MICHIGAN UNIVERSITY	42.2837336	-85.6102507
	EASTERN MICHIGAN UNIVERSITY	42.2506803	-83.624089
	OAKLAND UNIVERSITY	42.6679163	-83.208182
	WAYNE STATE UNIVERSITY	42.3591388	-83.0665462
	CENTRAL MICHIGAN UNIVERSITY	43.5819086	-84.7756364
	FERRIS STATE UNIVERSITY	43.6834099	-85.4841782
	NORTHERN MICHIGAN UNIVERSITY	46.5596032	-87.4044868
	SAGINAW VALLEY STATE UNIVERSITY	43.5142733	-83.9623559
	ARGOSY UNIVERSITY TAMPA LIBRARY	27.9551836	-82.482559
	BROWARD COUNTY PUBLIC LIBRARY	26.1126945	-80.3111728
	COLORADO CHRISTIAN UNIVERSITY	39.7125682	-105.0945084
	FAIRLEIGH DICKINSON UNIVERSITY METROPOLITAN CAMPUS	40.8975036	-74.029816
	FERGUSON LIBRARY	41.0556329	-73.5391668
	FLORIDA GULF COAST UNIVERSITY	26.4643209	-81.7733903
	NEW COLLEGE OF FLORIDA	27.384828	-82.558703
	FLORIDA INSTITUTE OF TECHNOLOGY	28.0632566	-80.6238884
	NOVA SOUTHEASTERN UNIVERSITY, LAW LIBRARY	26.079452	-80.2425234
	NOVA SOUTHEASTERN UNIV	26.0789364	-80.2462675
	UNIVERSITY OF NORTH FLORIDA, CARPENTER LIBRARY	30.2692476	-81.5083946
	PENSACOLA STATE COLLEGE	30.4809318	-87.2013052
	UNIVERSITY OF MIAMI	25.7191685	-80.2771253
	FITCHBURG STATE COLLEGE	42.5900165	-71.7889139
	UNIVERSITY OF FLORIDA	29.6436325	-82.3549302
	UNIVERSITY OF ST. FRANCIS	41.5333799	-88.0970978
	UNIVERSITY OF WEST FLORIDA	30.5474687	-87.216141
	PALM BEACH COUNTY LIBRARY SYSTEM	26.7807113	-80.2916087
	GETTYSBURG COLLEGE	39.8356944	-77.2356339
	DEKALB LIBRARY SYSTEM	33.9015004	-84.2783348
	GEORGE FOX UNIVERSITY	45.3033817	-122.9667381
	GOERGIA COLLEGE & STATE UNIVERSITY	33.0798884	-83.2318054
	GOLDEN GATE UNIVERSITY	37.789292	-122.398982
	INDIANHEAD FEDERATED LIBRARY SYSTEM	44.8365546	-91.5307337
	ALBERTUS MAGNUS COLLEGE	41.3316093	-72.9226957
	BARRINGTON PUBLIC LIBRARY DISTRICT	42.159425	-88.127628
	DES PLAINES PUBLIC LIBRARY	42.0404226	-87.8871992
	DARIEN LIBRARY	41.0687723	-73.4782658
	GREEN MOUNTAIN COLLEGE LIBRARY	43.5167448	-73.2442058
	MERCER UNIVERSITY	32.8288186	-83.6497769
	SCHAUMBURG TOWNSHIP DISTRICT LIBRARY	42.0255715	-88.0832931
	GREENWICH LIBRARY	41.028905	-73.629477
	GREAT RIVER REGIONAL LIBRARY	45.5568171	-94.1665905
	QUINNIPIAC COLLEGE LIBRARY	41.4188174	-72.8940583
	SOUTH WINDSOR PUBLIC LIBRARY	41.8287942	-72.5528995
	UNIVERSITY OF WISCONSIN/EAU CLAIRE	44.7967459	-91.5034191
	UNIVERSITY OF WISCONSIN, MADISON, GENERAL LIBRARY SYSTEM	43.075434	-89.397867
	UNIVERSITY OF WISCONSIN/OSHKOSH	44.0253186	-88.5510215
	UNIVERSITY OF WISCONSIN/PARKSIDE	42.6439962	-87.8522648
	WISCONSIN DEPT PUB INSTRUCTION REF & LOAN LIBRARY	42.838408	-88.7041011
	UNIVERSITY OF WISCONSIN/LA CROSS	43.8160517	-91.2311516
	UNIVERSITY OF WIS GREEN BAY LIBRARY	44.5314227	-87.9212664
	HOLY SPIRIT HOSPITAL MEDICAL LIBRARY	40.5012421	-74.4596152
	HAMPSHIRE COLLEGE	42.325559	-72.5322956
	HARRIS, BEACH & WILCOX, LLP	43.051352	-77.4647296
	HENNEPIN COUNTY LIBRARY	44.9802568	-93.2700336
	CLAREMONT COLLEGE, THE	34.094399	-117.708296
	RIVIER COLLEGE	42.7391326	-71.4542671
	HOLY FAMILY UNIVERSITY	40.0609234	-74.9873319
	CHATHAM COLLEGE	40.4482193	-79.9242625
	UNIVERSITY OF HAWAII AT HILO	19.701015	-155.0814688
	MERCY HOSPITAL MEDICAL CENTER	41.8461994	-87.6158113
	HORACE GREELEY HIGH SCHOOL	41.1752353	-73.7579745
	UNIVERSITY OF HARTFORD	41.7985989	-72.7140002
	HUDSON VALLEY COMMUNITY COLLEGE	42.6967457	-73.6854979
	VASSAR COLLEGE	41.6867992	-73.8957002
	LONG ISLAND UNIVERSITY/C.W. POST CAMPUS	40.8172349	-73.5900738
	DOWLING COLLEGE	40.7422255	-73.1481218
	MOLLOY COLLEGE	40.6859799	-73.6263933
	SUNY UPSTATE MEDICAL UNIVERSITY HEALTH SCIENCE LIBRARY	43.0399702	-76.1386995
	UNIVERSITY OF HAWAII AT MANOA LIBRARY	21.3007437	-157.8162349
	HUNTERDON COUNTY LIBRARY	40.5030023	-74.9012606
	HOUSATONIC COMMUNITY TECHNICAL COLLEGE	41.1753853	-73.1913907
	INDIANA UNIV PURDUE UNIVERSITY	40.4237054	-86.9211946
	INDIANA UNIV SOUTH BEND	41.6621383	-86.2197175
	DEPAUL UNIVERSITY	41.877512	-87.627227
	EASTERN ILLINOIS UNIVERSITY	39.4836717	-88.1751507
	ILLINOIS INSTITUTE OF TECHNOLOGY	41.8348731	-87.6270059
	LOYOLA UNIVERSITY OF CHICAGO	41.9989483	-87.6582592
	SOUTHERN IL UNIVERSITY AT EDWARDSVILLE	38.793103	-89.995654
	WESTERN ILLINOIS UNIVERSITY	40.4726649	-90.685397
	BRADLEY UNIVERSITY	40.6977743	-89.6153484
	COLLEGE OF DUPAGE	41.8412349	-88.0730209
	BALL STATE UNIVERSITY LIBRARY	40.2024197	-85.4072427
	EUREKA COLLEGE	40.71398	-89.267575
	UNIVERSITY OF SAINT FRANCIS	41.0865604	-85.1742097
	BENEDICTINE UNIVERSITY	41.7783779	-88.0967798
	ILLINOIS WESLEYAN UNIVERSITY	40.4908892	-88.9906541
	SAINT XAVIER UNIVERSITY LIBRARY	41.7071744	-87.7147553
	AUGUSTANA COLLEGE	41.5051053	-90.5507098
	NORTH PARK UNIVERSITY	41.9747121	-87.7106078
	PRAIRIE STATE COLLEGE	41.5255653	-87.6386099
	DEPAUW UNIVERSITY LIBRARY	39.6408554	-86.8637502
	INDIANA UNIVERSITY/EAST	39.86875	-84.8818165
	EVANSTON PUBLIC LIBRARY	42.0483943	-87.6800306
	SKOKIE PUBLIC LIBRARY	42.0257291	-87.7576986
	TRINITY INTERNATIONAL UNIVERSITY	42.1962259	-87.8809599
	UNIVERSITY OF INDIANAPOLIS	39.709739	-86.1351076
	TEXAS STATE LIBRARY	30.2739262	-97.7384342
	LAKE COUNTY PUBLIC LIBRARY	41.4699019	-87.3594365
	TEXAS TECH UNIVERSITY	33.5842591	-101.8782822
	INDIANA WESLEYAN UNIVERSITY	40.5187313	-85.6626617
	INFOTRIEVE INCORPORATED		
	UNIVERSITY OF NORTH TEXAS	33.207488	-97.1525862
	NORTHWESTERN UNIVERSITY LIBRARY	42.0530531	-87.6747985
	DRAKE UNIVERSITY	41.6029128	-93.6552984
	BUENA VISTA COLLEGE	42.6410826	-95.2098122
	SAINT AMBROSE UNIV, IOWA	41.5404254	-90.5807611
	NORTHWESTERN COLLEGE	42.9979484	-96.0582598
	PURDUE UNIVERSITY NORTHWEST-HAMMOND CAMPUS	41.5808528	-87.4735602
	PURDUE UNIVERSITY LIBRARY	40.424507	-86.912541
	EASTERN NEW MEXICO UNIVERSITY	34.1777872	-103.3484264
	UNIVERSITY OF NEW MEXICO	35.0843187	-106.6197812
	WESTERN NEW MEXICO UNIVERSITY	32.7754152	-108.282934
	NEW MEXICO STATE UNIVERSITY	32.2787745	-106.7479059
	UNIVERSITY OF SOUTHERN INDIANA	37.9582437	-87.6746938
	SAINT MARYS COLLEGE	37.8416252	-122.1098786
	SAINT JOSEPH COUNTY PUBLIC LIBRARY	41.607159	-86.233925
	INDIANA STATE UNIVERSITY	39.4711089	-87.4082349
	UNIVERSITY OF TEXAS AT DALLAS	32.9857619	-96.7500993
	INDIANA UNIVERSITY KOKOMO	40.4596897	-86.1314436
	UNIVERSITY OF TEXAS AT ARLINGTON	32.7298718	-97.1140116
	VALPARAISO UNIVERSITY	41.463273	-87.042381
	IOWA STATE UNIVERSITY	42.0266187	-93.6464654
	UNIVERSITY OF TEXAS AT AUSTIN	30.2849185	-97.7340567
	BAYLOR UNIVERSITY	31.5497007	-97.1143046
	ZION-BENTON PUBLIC LIBRARY DISTRICT	42.451058	-87.839255
	OLIVET NAZARENE UNIVERSITY	41.1549071	-87.8723694
	LINCOLN LAND COMMUNITY COLLEGE	39.7212664	-89.6117019
	ARLINGTON HEIGHTS MEMORIAL LIBRARY	42.087641	-87.9835203
	JOHN CARROLL UNIVERSITY	41.4905062	-81.5293126
	JOHNS HOPKINS UNIVERSITY	39.3299013	-76.6205177
	BLESSING-RIEMAN COLLEGE OF NURSING	39.9367117	-91.3981168
	AURORA PUBLIC LIBRARY	39.7104005	-104.8151612
	VENTURA COUNTY LIBRARY	34.2810623	-119.2908183
	JAMES V BROWN LIBRARY	41.242567	-77.00147
	GRAHAM HOSPITAL ASSOCIATION	40.5528182	-90.0390282
	BELLARMINE UNIVERSITY LIBRARY	38.2192297	-85.7049863
	KENYON COLLEGE	40.3718965	-82.3983079
	EASTERN KENTUCKY UNIVERSITY	37.7353214	-84.298672
	NORTHERN KENTUCKY UNIVERSITY	39.0312035	-84.4625345
	NEWMAN UNIVERSITY	37.673508	-97.377744
	EMPORIA STATE UNIVERSITY	38.413874	-96.180139
	KANSAS STATE UNIVERSITY	39.1974437	-96.5847249
	WASHBURN UNIVERSITY	39.0333113	-95.7017075
	SPALDING UNIVERSITY	38.2414273	-85.7574196
	UNIVERSITY OF LOUISVILLE	38.2122761	-85.7585023
	MURRAY STATE	36.6163842	-88.3214979
	JOHNSON COUNTY LIBRARY	38.9698596	-94.6994656
	KEENE STATE COLLEGE	42.9254972	-72.2803536
	OLATHE PUBLIC LIBRARY	38.8817531	-94.8176701
	TRANSYLVANIA COUNTY LIBRARY	35.2309818	-82.7357602
	LENOIR-RHYNE COLLEGE	35.7414291	-81.3262158
	UNIVERSITY OF NEBRASKA AT KEARNEY	40.7011879	-99.1014292
	WICHITA STATE UNIVERSITY	37.7193933	-97.2928693
	CAMPBELL COUNTY PUBLIC LIBRARY	38.951379	-84.394159
	KENTUCKY STATE UNIVERSITY	38.2002577	-84.8558314
	LAFAYETTE COLLEGE	40.6986202	-75.2087298
	LASALLE UNIVERSITY	40.0387561	-75.1566322
	LOUISIANA STATE UNIV AT ALEXANDRIA	31.178112	-92.4143367
	UNIVERSITY OF NEBRASKA AT LINCOLN	40.8201966	-96.7004763
	AMERICAN UNIVERSITY OF BEIRUT	40.7528385	-73.9689989
	LESLEY COLLEGE	42.3810755	-71.1174864
	MCNEESE STATE UNIVERSITY	30.1783657	-93.215629
	LOYOLA UNIV LIBRARY (NEW ORLEANS)	29.9355109	-90.1202423
	LANDMARK COLLEGE	42.9767642	-72.5118469
	UNIVERSITY OF NEW ORLEANS	30.0285959	-90.0660365
	LOYOLA UNIV MARYLAND & NOTRE DAME OF MARYLAND UNIV	39.3498203	-76.6169704
	LOCK HAVEN UNIVERSITY OF PENNSYLVANIA	41.1423205	-77.4621475
	SOUTHEASTERN LOUISIANA UNIVERSITY	30.5173159	-90.4688572
	SAINT TAMMANY PARISH LIBRARY	30.476904	-90.102905
	LEBANON VALLEY COLLEGE	40.3337415	-76.5150796
	CORALVILLE PUBLIC LIBRARY	41.677298	-91.582062
	CHELSEA DISTRICT LIBRARY	42.3165412	-84.0198648
	SAINT JOSEPHS COLLEGE	43.6002805	-73.0017438
	MASSACHUSETTS SCH OF PROFESSIONAL PSYCHOLOGY	42.2949927	-71.2032348
	MANSFIELD UNIVERSITY LIBRARY	41.8074846	-77.0737268
	BRANDEIS UNIVERSITY	42.3654796	-71.2587009
	CENTRAL MISSOURI STATE UNIVERSITY	38.7580823	-93.7383724
	ENOCH PRATT FREE LIBRARY	39.294555	-76.617217
	UNIVERSITY OF BALTIMORE, LAW LIBRARY	39.3061598	-76.6162325
	MIDDLEBURY COLLEGE	44.0082595	-73.1773152
	MAINE STATE LIBRARY	44.306073	-69.7827403
	MISSISSIPPI STATE UNIVERSITY	33.4551742	-88.7943766
	MINNESOTA SCHOOL OF PROFESSIONAL PSYCHOLOGY	44.837312	-93.173898
	MONTGOMERY COUNTY COMMUNITY COLLEGE	40.1763373	-75.2755938
	MT. HOOD COMMUNITY COLLEGE	45.5146461	-122.3966333
	MANCHESTER COMMUNITY COLLEGE	41.7606485	-72.5619284
	PENN STATE HERSHEY - H127	40.2643702	-76.6747274
	MINUTEMAN LIBRARY NETWORK	42.295995	-71.386693
	MIDDLESEX COMMUNITY COLLEGE LIBRARY	42.6452129	-71.3061428
	MERCER COUNTY LIBRARY	40.2662976	-74.718801
	MONMOUTH UNIVERSITY	40.2804557	-74.0058114
	UNIVERSITY OF MISSOURI, COLUMBIA, HEALTH SCIENCE	38.9398848	-92.3286771
	AUGSBURG COLLEGE	44.9663002	-93.2401366
	CONCORDIA UNIVERSITY/ST. PAUL	44.9490553	-93.1565816
	ST CATHERINE UNIVERSITY LIBRARY	44.9248512	-93.1836173
	WINONA STATE UNIVERSITY	44.0473997	-91.6432837
	BETHEL UNIVERSITY	45.0554785	-93.1659821
	MONTGOMERY COUNTY NORRISTOWN PUBLIC LIBRARY	40.1218759	-75.3403799
	MANKATO STATE UNIVERSITY	44.1458114	-93.9994861
	UNIVERSITY OF ST. THOMAS	44.941751	-93.1914909
	SOUTHWEST STATE UNIVERSITY	44.4560884	-95.759773
	MORAVIAN COLLEGE	40.6308814	-75.3812135
	STEPHENS COLLEGE	38.9515728	-92.3214357
	MASSACHUSETTS COLLEGE OF PHARMACY	42.3367994	-71.101197
	NORTHWEST AREA HEALTH EDUCATION CENTER LIBRARY AT BOONE	36.198777	-81.652227
	MARIETTA COLLEGE	39.4166565	-81.4499351
	MARYLHURST UNIVERSITY	45.3985866	-122.6472524
	MESA PUBLIC LIBRARY	33.4182341	-111.8295668
	MASSASOIT COMMUNITY COLLEGE	42.0756099	-70.9902714
	SAINT CLOUD STATE UNIVERSITY	45.5511864	-94.1515137
	MORGAN STATE UNIVERSITY	39.3437959	-76.5843847
	MOUNT IDA COLLEGE	42.294262	-71.193448
	UNIVERSITY OF MONTANA	46.8600672	-113.9852081
	NAUGATUCK VALLEY COMMUNITY TECHNICAL COLLEGE	41.5498286	-73.0729008
	UNIVERSITY OF MISSOURI, COLUMBIA	38.9403808	-92.3277375
	MARYVILLE UNIVERSITY OF ST. LOUIS	38.644986	-90.504679
	MILLERSVILLE UNIVERSITY LIBRARY	39.9981892	-76.3550635
	MARYLAND INSTITUTE COLLEGE OF ART	39.307555	-76.6216339
	MASSACHUSETTS INSTITUTE OF TECHNOLOGY LIBRARIES	42.3590348	-71.0891378
	UNIVERSITY OF NEVADA, LAS VEGAS, LAW LIBRARY	36.1079277	-115.1399304
	NASSAU LIBRARY SYSTEM	40.695843	-73.585235
	UNIVERSITY OF ALBANY	42.6857636	-73.8243942
	DOANE COLLEGE LIBRARY	40.6224954	-96.9483697
	UNIVERSITY OF NEBRASKA AT OMAHA	41.2582497	-96.0107049
	NEBRASKA METHODIST COLLEGE	41.265533	-96.04837
	CAMDEN COUNTY LIBRARY	39.848129	-75.001197
	UNION COLLEGE	42.8177125	-73.9295987
	NEW CANAAN LIBRARY	41.1456241	-73.4920934
	NORTH DAKOTA STATE LIBRARY	46.8192455	-100.7813545
	NORTHEASTERN UNIVERSITY	42.3398067	-71.0891717
	FARGO PUBLIC LIBRARY	46.8332	-96.827039
	JERICHO PUBLIC LIBRARY	40.793611	-73.535108
	BRYANT LIBRARY	40.798217	-73.646786
	UNIVERSITY OF NORTH CAROLINA, GREENSBORO	36.0689296	-79.8101975
	GARDNER-WEBB UNIVERSITY	35.2475249	-81.6706979
	SYOSSET PUBLIC LIBRARY	40.7987333	-73.5020748
	NEW HAMPSHIRE COMMUNITY-TECH COLLEGE	44.308442	-71.7482221
	UNIVERSITY OF NEW HAMPSHIRE	43.138948	-70.9370252
	UNIVERSITY OF NORTHERN IOWA	42.5133893	-92.4620034
	NEW JERSEY DEPARTMENT OF ENVIRONMENTAL PROTECTION	40.2212788	-74.7561441
	ROWAN UNIVERSITY	39.7098595	-75.1189478
	UNIVERSITY OF MEDICINE AND DENTISTRY OF NEW JERSEY	40.7432716	-74.1921598
	WILLIAM PATERSON COLLEGE	40.9460061	-74.1981377
	NEW JERSEY ILL ACCESS CENTER	40.789695	-74.259107
	RICHARD STOCKTON COLLEGE	39.4941665	-74.5323795
	THE COLLEGE OF NEW JERSEY	40.2683078	-74.7778624
	BAY PATH COLLEGE	42.0558784	-72.5825941
	ELMS COLLEGE	42.1422257	-72.6016769
	UNIVERSITY OF NORTH CAROLINA CHARLOTTE	35.3070929	-80.735164
	SPRINGFIELD COLLEGE	42.1022292	-72.5565631
	NICHOLSON MEMORIAL LIBRARY	32.9148722	-96.6383649
	MIDDLESEX COUNTY COLLEGE	40.5048319	-74.3667479
	DAVIDSON COLLEGE	35.5008018	-80.8446725
	UNIVERSITY OF NEVADE, RENO	39.5441917	-119.816397
	UNIVERSITY OF NORTH CAROLINA, CHAPEL HILL	35.9049122	-79.0469134
	NORTH CAROLINA STATE UNIVERSITY AT RALEIGH LIBRARY	35.7846633	-78.6820946
	NORWICH UNIVERSITY LIBRARY	44.1369851	-72.6602774
	NATIONAL RESEARCH COUNCIL LIBRARY	45.443858	-75.6195916
	NEW YORK CENTER FOR AGRICULTURAL MEDICINE & HEALTH LIBRARY	42.717838	-74.9787202
	GUILFORD COLLEGE	36.0917988	-79.8887399
	UNIVERSITY OF IOWA LIBRARY	41.659548	-91.5384411
	LAS VEGAS-CLARK COUNTY LIBRARY DISTRICT	36.1952731	-115.1543178
	SIERRA NEVADA COLLEGE	39.244983	-119.937574
	NEVADA STATE LIBRARY AND ARCHIVES	39.1638936	-119.7648587
	MORRIS COUNTY LIBRARY	40.806441	-74.452471
	NORTH DAKOTA STATE UNIVERSITY	46.8962434	-96.8031712
	HOPKINTON TOWN LIBRARY	43.223245	-71.72023
	WAKE COUNTY PUBLIC LIBRARY	35.789611	-78.6579744
	CONCORDIA COLLEGE	46.8628042	-96.7700579
	ALBANY MOLECULAR RESEARCH, INC.	42.703206	-73.8746138
	BLACK WATCH MEMORIAL LIBRARY	43.848874	-73.425329
	NEW YORK STATE LIBRARY	42.648614	-73.761391
	HOLY TRINITY ORTHODOX SEMINARY LIBRARY	42.9276619	-74.9356279
	NEW YORK PUBLIC LIBRARY	40.7531823	-73.9822534
	NYS OFFICE OF THE ATTORNEY GENERAL LIBRARY	42.3324756	-77.3177285
	ONSLOW COUNTY PUBLIC LIBRARY	34.7778256	-77.42082
	OLD COLONY LIBRARY NETWORK	42.21911	-71.035613
	OCEAN COUNTY LIBRARY	39.9523537	-74.1957355
	COLUMBUS METROPOLITAN LIBRARY OCORM	39.9447736	-83.0733812
	PUBLIC LIBRARY OF CINCINNATI/HAMILTON COUNTY	39.0850121	-84.3522206
	CINCINNATI STATE TECHNICAL AND COMMUNITY COLLEGE LIBRARY	39.1499185	-84.5369451
	UNIVERSITY OF THE WITWATERSRAND (0730)	-26.1916888	28.0327614
	STATE LIBRARY OF OHIO	39.9811221	-82.9965616
	OKLAHOMA DEPARTMENT OF LIBRARIES	35.487946	-97.5077929
	UNIVERSITY OF OKLAHOMA, HEALTH SCIENCE CENTER LIBRARY	35.4795825	-97.4940923
	PIONEER LIBRARY SYSTEM	35.2210802	-97.4471037
	UNIVERSITY OF OKLAHOMA	35.2058936	-97.4457137
	OKLAHOMA CITY UNIVERSITY LAW LIBRARY	35.4755852	-97.5169404
	LINFIELD COLLEGE/PORTLAND CAMPUS	45.53141	-122.6975639
	LEWIS & CLARK COLLEGE	45.4490949	-122.670312
	HOMER TOWNSHIP PUBLIC LIBRARY DISTRICT	41.6142597	-87.9674423
	JOLIET PUBLIC LIBRARY	41.5271303	-88.0822271
	PACIFIC UNIVERSITY	45.5209028	-123.1096408
	PACIFIC LUTHERAN UNIVERSITY	47.1453532	-122.4440668
	WESTLAKE PORTER PUBLIC LIBRARY	41.447729	-81.924646
	PORTLAND COMMUNITY COLLEGE	45.50658	-122.580217
	WASHINGTON COUNTY COOPERATIVE LIBRARY SERVICES	45.524195	-122.9892931
	REED COLLEGE	45.4809782	-122.6303724
	UNIVERSITY OF OREGON LIBRARY	44.0448302	-123.0726055
	PORTLAND STATE UNIVERSITY LIBRARY	45.5115796	-122.6860416
	SOUTHERN STATE COMMUNITY COLLEGE	39.2364808	-83.6139477
	OREGON STATE LIBRARY	44.565074	-123.2760409
	THE OHIO STATE UNIVERSITY	40.0141905	-83.0309143
	OTTERBEIN COLLEGE	40.1268746	-82.9371852
	ROGERS UNIVERSITY	36.3182518	-95.6406352
	OKLAHOMA STATE UNIVERSITY, OKLAHOMA CITY LIBRARY	35.4755979	-97.5820988
	UNIVERSITY OF PORTLAND LIBRARY	45.5728055	-122.7267515
	TULSA COMMUNITY COLLEGE	36.1935335	-95.9377989
	WILLAMETTE UNIVERSITY	44.9355088	-123.0299071
	DELEWARE VALLEY COLLEGE	40.2982282	-75.1599429
	GREENSBURG HEMPFIELD AREA LIBRARY	40.3003329	-79.5444113
	UNIVERSITY OF THE ARTS	39.9459207	-75.1649037
	UNIVERSITY OF PENNSYLVANIA LIBRARIES	39.9527236	-75.1940023
	DAVIS COLLEGE	41.6925701	-83.6297633
	BETHLEHEM AREA PUBLIC LIBRARY	40.6183089	-75.3790404
	UNIVERSITY OF PUERTO RICO/RIO PIEDRAS CAMPUS	18.4028091	-66.0500407
	BUCKNELL UNIVERSITY	40.9546869	-76.8835514
	FRANKLIN COUNTY LIBRARY SYSTEM	39.9392752	-77.660626
	OIL CREEK DISTRICT LIBRARY CENTER	37.1303834	-93.298315
	PHILADELPHIA UNIVERSITY	40.0187208	-75.1922881
	JEFFERSON MADISON REGIONAL LIBRARY	38.031419	-78.479933
	GENEVA COLLEGE	40.7713156	-80.3218472
	MESSIAH COLLEGE	40.1579079	-76.9882272
	UNIVERSITY OF SOUTHERN MAINE	43.6622484	-70.2756936
	GANNON UNIVERSITY	42.1282445	-80.0865882
	UNIVERSITY OF PITTSBURGH	40.4443533	-79.960835
	JUNIATA COLLEGE	40.500703	-78.0147549
	LAROCHE COLLEGE	40.5683018	-80.0140875
	CARNEGIE MELLON UNIVERSITY	40.4428081	-79.9430128
	POTTSVILLE FREE PUBLIC LIBRARY	40.6849417	-76.1969176
	PORTLAND PUBLIC LIBRARY	43.6576847	-70.2591467
	PRINCETON PUBLIC LIBRARY	40.351615	-74.660262
	PROVIDENCE COLLEGE	41.8440925	-71.4381653
	SAINT FRANCIS UNIVERSITY	40.50382	-78.6376191
	PLYMOUTH STATE UNIVERSITY	43.7595034	-71.6882543
	SAINT VINCENT COLLEGE	40.2914205	-79.4003653
	TRINITY EPISCOPAL SCHOOL FOR MINISTRY LIBRARY	40.593042	-80.231824
	POINT PARK UNIVERSITY	40.4385028	-80.0012691
	WAYNESBURG COLLEGE	39.8992112	-80.1866266
	CHESTER COUNTY LIBRARY & DISTRICT CENTER	40.0321235	-75.620791
	WESTINGHOUSE ELEC CORP, R&D CENTER LIBRARY		
	MARTIN LIBRARY	36.12651	-95.8503539
	INDIANA UNIVERSITY OF PENNSYLVANIA	40.6140124	-79.1614669
	JUNEAU PUBLIC LIBRARY	43.4087194	-88.7083037
	VANJ HEALTH CARE SYSTEM, E ORANGE CAMPUS	40.7525462	-74.2361355
	NEW CASTLE PUBLIC LIBRARY	35.2564812	-97.608198
	JEFFERSON COUNTY PUBLIC LIBRARY	39.7470415	-105.1132838
	MERCYHURST COLLEGE	42.1050703	-80.0536593
	MONTGOMERY COUNTY LIBRARY	39.1582271	-77.2053356
	ALBUQUERQUE PUBLIC LIBRARY	35.086062	-106.653216
	WEST CHESTER UNIVERSITY	39.9518653	-75.5999933
	CONCORD PUBLIC LIBRARY	43.2066825	-71.5403811
	BROWN UNIVERSITY	41.8267718	-71.4025482
	RHODE ISLAND COLLEGE	41.842207	-71.461204
	RHODE ISLAND OFFICE OF LIBRARY AND INFORMATION SERVICES	41.8330677	-71.4153726
	CLARION UNIVERSITY OF PENNSYLVANIA	41.2089191	-79.3787136
	REGIS COLLEGE	42.3502721	-71.3076196
	EASTMAN SCHOOL OF MUSIC	43.1578093	-77.6010301
	UNIVERSITY OF RHODE ISLAND	41.4860647	-71.5308537
	PIERCE COUNTY LIBRARY SYSTEM	47.1555376	-122.3869925
	UNIVERSITY OF ROCHESTER MEDICAL CENTER	43.1230503	-77.6269403
	READING PUBLIC LIBRARY	42.526105	-71.1102614
	CENTRAL RAPPAHANNOCK REGIONAL LIBRARY	38.306006	-77.460772
	RYERSON UNIVERSITY	43.6576585	-79.3788017
	UNIVERSITY OF ROCHESTER	43.1305531	-77.6260033
	RUSSELL SAGE FOUNDATION LIBRARY	40.7656174	-73.966974
	RAND LIBRARY	34.0096038	-118.4907507
	NORTH COUNTRY LIBRARY SYSTEM	43.9937913	-75.9303752
	ROBERTS WESLEYAN COLLEGE	43.12574	-77.798531
	ROCHESTER GENERAL HOSPITAL LIBRARY	43.1930205	-77.5867238
	ROCHESTER INSTITUTE OF TECHNOLOGY LIBRARY	43.0837296	-77.6762978
	ROGER WILLIAMS UNIVERSITY	41.6510618	-71.2594597
	ROXBURY COMMUNITY COLLEGE	42.329242	-71.095479
	SOUTHWESTERN ASSEMBLIES OF GOD UNIVERSITY	32.4064143	-96.8529436
	SAINT ANSELM COLLEGE	42.9874723	-71.5072307
	SOUTHWEST RESEARCH INSTITUTE	35.4376635	-97.4227571
	SAN ANTONIO PUBLIC LIBRARY	29.5091095	-98.3891762
	OUR LADY OF THE LAKE UNIVERSITY	29.4264099	-98.5433654
	UNIVERSITY OF THE INCARNATE WORD	29.4675939	-98.4676217
	SIMMONS COLLEGE	42.3393661	-71.0999358
	AUGUSTANA COLLEGE LIBRARY	41.5023058	-90.5501394
	SOUTH DAKOTA STATE UNIVERSITY	44.3189457	-96.783968
	SUFFOLK COOPERATIVE LIBRARY SYSTEM	40.7889548	-72.960831
	CLEMSON UNIVERSITY	34.6760942	-82.8364148
	SPRINGFIELD TECHNCIAL COMMUNITY COLLEGE	42.1088022	-72.578502
	FRANCIS MARION UNIVERSITY, JAMES A ROGERS LIBRARY	34.1894979	-79.6528955
	FURMAN UNIVERSITY	34.9260157	-82.4400724
	INDIANA ST LIBRARY	39.7696758	-86.164193
	SHAKER HEIGHTS PUBLIC LIBRARY	41.476738	-81.535296
	SACRED HEART UNIVERSITY LIBRARY	41.2228658	-73.2428248
	SCHOOL FOR INTERNATIONAL TRAINING	42.8910382	-72.566572
	SIUSLAW PUBLIC LIBRARY DISTRICT	43.9744312	-124.1056553
	SAINT JOSEPHS UNIVERSITY	40.690509	-73.9677729
	WILLIAM JESSUP UNIVERSITY	38.8204128	-121.2924931
	SAINT MICHAELS COLLEGE	44.4959022	-73.1645995
	UNIVERSITY OF MASSACHUSETTS DARTMOUTH LIBRARY	41.6308902	-71.0067053
	GATEWAY COMMUNITY TECHNICAL COLLEGE	39.0133577	-84.5580473
	WELD LIBRARY DISTRICT	40.0380276	-105.0512529
	RARITAN VALLEY COMMUNITY COLLEGE	40.6095258	-74.6888942
	SOMERSET COUNTY LIBRARY	40.588351	-74.607572
	SPARTANBURG COUNTY PUBLIC LIBRARY	34.9482922	-81.9304458
	SHIPPENSBURG UNIVERSITY	40.0603939	-77.5234365
	SEO LIBRARY CENTER	39.6862967	-81.4959052
	UNIVERSITY OF SCRANTON	41.4061619	-75.6569241
	STRATFORD LIBRARY ASSOCIATION	41.1906537	-73.1311803
	SALISBURY UNIVERSITY	38.345073	-75.6046968
	SALEM STATE COLLEGE	42.503103	-70.890682
	SANTA CLARA UNIVERSITY	37.3496418	-121.9389875
	STOW-MUNROE FALLS PUBLIC LIBRARY	41.1608261	-81.440856
	SETON HALL UNIVERSITY	40.7425521	-74.2464941
	COLLEGE OF SAINT MARY LIBRARY	41.2399516	-96.0216555
	STONEHILL COLLEGE LIBRARY	42.0590781	-71.0804059
	SAINT PETERS UNIVERSITY LIBRARY	40.7275873	-74.0717784
	UNIVERSITY OF SOUTH CAROLINA	33.996112	-81.0274276
	SUL ROSS STATE UNIVERSITY LIBRARY	30.3628501	-103.6523175
	SAINT LOUIS PUBLIC LIBRARY	38.6292407	-90.1926229
	ST VLADIMIRS ORTHODOX THEOLOGICAL SEMINARY	40.9693118	-73.8245546
	SYRACUSE UNIVERSITY	43.0391534	-76.1351158
	SYRACUSE UNIVERSITY COLLEGE OF LAW LIBRARY	43.0363242	-76.1387351
	UNIVERSIDAD DE TALCA	-35.4041282	-71.6358479
	BELMONT UNIVERSITY	36.1328981	-86.7940699
	KING UNIVERSITY	36.5869627	-82.1591181
	EAST TENNESSEE STATE UNIVERSITY	36.3025374	-82.3701933
	TEMPLE UNIVERSITY	39.9811935	-75.1553512
	UNIVERSITY OF TEXAS AT TYLER	32.3134915	-95.257734
	TUFTS UNIVERSITY	42.4074843	-71.1190232
	CHIANG MAI UNIVERSITY LIBRARY	18.801229	98.9518453
	FRONTIER NURSING UNIVERSITY	37.165671	-83.379155
	LETOURNEAU UNIVERSITY	32.465893	-94.7264594
	UNIVERSITY OF MEMPHIS	35.118741	-89.937141
	MIDWESTERN STATE UNIVERSITY	33.8743726	-98.5210165
	SOUTHERN ADVENTIST UNIVERSITY	35.0485718	-85.0509053
	NASHVILLE PUBLIC LIBRARY	36.162117	-86.781747
	UNIVERSITY OF TOLEDO	41.6580307	-83.6140701
	UNIVERSITY OF TEXAS SCHOOL OF PUBLIC HEALTH LIBRARY	29.704888	-95.39827
	TOWSON UNIVERSITY	39.3925121	-76.6126392
	SOUTHWESTERN BAPTIST THEOLOGICAL SEMINARY	32.680075	-97.3478657
	TENNESSEE TECH UNIVERSITY	36.175903	-85.5070223
	FT BENNING GENERAL LIBRARY, SAYERS MEMORIAL LIBRARY	32.3501799	-84.9754113
	UNIVERSITY OF TENNESSEE AT CHATTANOOGA	35.0457554	-85.2955112
	TEXAS WESLEYAN UNIVERSITY, E & J L WEST LIBRARY	32.732995	-97.279535
	NORFOLK PUBLIC LIBRARY	36.864672	-76.291382
	WEST TEXAS A&M UNIVERSITY	34.9815101	-101.9160676
	TEXAS A&M UNIVERSITY	30.618531	-96.336499
	ABILENE PUBLIC LIBRARY	38.9185035	-97.2153474
	TEXAS A&M UNIVERSITY AT CORPUS CHRISTI	27.7127448	-97.3241433
	FRIONA PUBLIC LIBRARY	34.6371792	-102.7193718
	TEXAS STATE UNIVERSITY-SAN MARCOS	29.888411	-97.938351
	UNIVERSITY OF TEXAS AT SAN ANTONIO	29.5829699	-98.61972
	MIDDLE TENNESSEE STATE	35.8486105	-86.3648813
	HOUSTON PUBLIC LIBRARY	29.6981229	-95.4397174
	UNIVERSITY OF TEXAS AT EL PASO	31.7709368	-106.5046405
	SOUTHWESTERN UNIVERSITY	30.6349251	-97.6651268
	TAYLOR MEMORIAL PUBLIC LIBRARY	41.1347382	-81.4854053
	UNITY COLLEGE	44.6039934	-69.332298
	UNIVERSITY OF ALASKA/ANCHORAGE	61.1910421	-149.8195598
	UNIVERSITY OF MARYLAND	38.9869183	-76.9425543
	UNIVERSITY OF CONNECTICUT	41.8077414	-72.2539805
	DEPARTMENT OF VET AFFAIRS, CENTRAL OFFICE LIBRARY	35.2041908	-101.9066289
	VETERANS ADMINISTRATION MEDICAL CENTER, BEDFORD	42.5048759	-71.2734301
	UNIVERSITY OF MASSACHUSETTS LOWELL	42.6552587	-71.3247164
	NICHOLS COLLEGE, CONANT LIBRARY	42.0447001	-71.9312631
	UNIVERSITY OF MARYLAND LIBRARIES	38.9859704	-76.9450882
	UNIVERSITY OF MARYLAND/EASTERN SHORE	38.2102166	-75.6848002
	UNIVERSITY OF MISSOURI/KANSAS CITY	39.0335539	-94.5760259
	UNIVERSITY OF MISSOURI/ROLLA	37.9820056	-91.7223863
	UNIVERSITY OF MISSOURI/ST LOUIS	38.7092401	-90.30828
	UNIVERSITY OF NEW BRUNSWICK	45.9453492	-66.6423814
	TIMBERLAND REGIONAL LIBRARY	46.979804	-122.910327
	UNIVERSITY OF THE PACIFIC	37.9808152	-121.3120225
	PENNSYLVANIA STATE UNIVERSITY	40.7982133	-77.8599084
	UNIVERSITY OF PUGET SOUND	47.261764	-122.481455
	US ARMY NSRDEC	42.288372	-71.362548
	SOUTHERN UTAH UNIVERSITY	37.676444	-113.071332
	SALT LAKE COUNTY LIBRARY SERVICE	40.693378	-111.961504
	WEBER STATE UNIVERSITY	41.1924454	-111.9418739
	UTAH VALLEY UNIVERSITY	40.2788306	-111.7151968
	VAUGHN COLLEGE OF AERONAUTICS & TECHNOLOGY	40.768034	-73.881921
	FASHION INSTITUTE OF TECHNOLOGY	40.7471364	-73.9948478
	UNIVERSITY OF CHARLESTON LIBRARY	38.333522	-81.616641
	TAPPAN ZEE HIGH SCHOOL LIBRARY	41.0598027	-73.9571571
	SHENANDOAH UNIVERSITY	39.1660159	-78.1583388
	BOCES OSWEGO COUNTY	43.4576871	-76.2593905
	REGENT UNIVERSITY	36.800573	-76.1929926
	VERMONT COLLEGE OF FINE ARTS LIBRARY	44.25491	-72.568216
	CASTLETON STATE COLLEGE	43.6077824	-73.1802563
	POUGHKEEPSIE PUBLIC LIBRARY DISTRICT	41.70054	-73.930194
	BROOKLYN COLLEGE	40.6312323	-73.9523916
	COLUMBIA-GREENE COMMUNITY COLLEGE	42.217669	-73.817645
	DOMINICAN COLLEGE	41.0471959	-73.9505947
	DUTCHESS COMMUNITY COLLEGE	41.7222178	-73.9067896
	NYACK COLLEGE, MANHATTAN CENTER	40.7056392	-74.0156969
	VALLEY FORGE CHRISTIAN CENTER	40.1091125	-75.4766644
	LENMOYNE COLLEGE	43.0497018	-76.0855042
	MID-HUDSON LIBRARY SYSTEM	41.7004238	-73.9305281
	NYACK COLLEGE	40.7056392	-74.0156969
	ORANGE COUNTY COMMUNITY COLLEGE	41.4386164	-74.4261043
	RAMAPO CATSKILL LIBRARY SYSTEM	41.4743741	-74.4159779
	SUNY SULLIVAN	41.763897	-74.668862
	ULSTER COUNTY COMMUNITY COLLEGE	41.851499	-74.128999
	BUFFALO & ERIE COUNTY PUBLIC LIBRARY	42.9113973	-78.8544273
	THE LIBRARY OF VIRGINIA	37.5412607	-77.4341621
	STEVENSON UNIVERSITY	39.4216638	-76.7012976
	ADELPHI UNIVERSITY	40.7202125	-73.6522652
	WOODSTOCK PUBLIC LIBRARY	42.316009	-88.452257
	LONG ISLAND JEWISH HILLSIDE MEDICAL CENTER HEALTH SCIENCE LIBRARY	40.7544453	-73.7077153
	SUNY ADIRONDACK LIBRARY	43.3531166	-73.6538584
	COLLEGE OF ST. ROSE	42.6640994	-73.7856653
	GE GLOBAL RESEARCH	42.8271556	-73.8780481
	CANISIUS COLLEGE	42.9248338	-78.8514848
	SIENA COLLEGE	42.716635	-73.7523365
	LIBERTY UNIVERSITY	37.3529323	-79.1769282
	LONGWOOD COLLEGE	37.2971798	-78.3961973
	LYNDON STATE COLLEGE	44.5355567	-72.025198
	LYNCHBURG COLLEGE	37.4006	-79.183153
	JAMES MADISON UNIVERSITY	38.435092	-78.8697548
	MOHAWK VALLEY LIBRARY SYSTEM	42.7834321	-74.0226162
	MARY WASHINGTON COLLEGE	38.3013039	-77.47447
	JEFFERSON COMMUN COLLEGE LIBRARY	43.99184	-75.9345752
	PAUL SMITHS COLLEGE LIBRARY	44.437828	-74.2517279
	FLOWER MEMORIAL LIBRARY	43.9729645	-75.9103926
	WEAD LIBRARY	44.8515351	-74.289374
	PLATTSBURGH PUBLIC LIBRARY	44.6972109	-73.45564
	SAMARITAN MEDICAL CENTER	43.9651872	-75.9151126
	SARANAC LAKE FREE LIBRARY	44.3274717	-74.1303542
	ONONDAGA COMMUNITY COLLEGE	43.0033537	-76.1967384
	OLD DOMINION UNIVERSITY	36.8856104	-76.3067777
	VIRGINIA TECH	37.2283843	-80.4234167
	MONROE COMMUNITY COLLEGE LIBRARY	43.1009833	-77.6101465
	RADFORD UNIVERSITY LIBRARY	37.139888	-80.5510405
	UNIVERSITY OF RICHMOND	37.5758681	-77.5409744
	COLLEGE OF STATEN ISLAND	40.6016362	-74.1496984
	VERMONT DEPT OF LIBRARIES, PROCUREMENT CENTER	44.5588028	-72.5778415
	VERMONT TECHNICAL COLLEGE	43.938717	-72.604721
	UNIVERSITY OF VERMONT	44.4778528	-73.1964637
	UPPER HUDSON LIBRARY SYSTEM	42.6774931	-73.7789425
	CUNY BARUCH COLLEGE	40.7404873	-73.9831567
	COLGATE UNIVERSITY	42.8166152	-75.5401764
	SUNY HEALTH SCIENCE CENTER AT BROOKLYN	40.6552458	-73.945734
	DAEMEN COLLEGE	42.9648902	-78.7884384
	JOHN JAY COLLEGE	40.7704272	-73.9884684
	NEW YORK ACADEMY OF MEDICINE LIBRARY	40.7921	-73.9523826
	ICAHN SCHOOL OF MEDICINE AT MOUNT SINAI	40.7898695	-73.9533616
	MEMORIAL SLOAN-KETTERING CANCER CENTER MEDICAL LIBRARY	40.764101	-73.9559837
	NIAGARA UNIVERSITY LIBRARY	43.1362229	-79.0377677
	NEW YORK MEDICAL COLLEGE LIBRARY	41.08388	-73.8109519
	ROCKLAND COMMUNITY COLLEGE LIBRARY	41.133878	-74.086432
	SARAH LAWRENCE COLLEGE	40.9360524	-73.8433974
	NEW YORK UNIVERSITY LANGONE MEDICAL CENTER	40.7467775	-73.9722265
	UTICA COLLEGE	43.0936618	-75.2714604
	WESTCHESTER LIBRARY SYSTEM	41.057843	-73.829009
	NASSAU COMMUNITY COLLEGE LIBRARY	40.7303646	-73.5916936
	CUNY BRONX COMMUNITY COLLEGE LIBRARY	40.8590255	-73.9126843
	WILLIAM & MARY LIBRARIES	37.2699169	-76.7160653
	ELMIRA COLLEGE	42.0967817	-76.8153705
	SUNY COLLEGE OF ENVIRONMENTAL SCIENCE AND FORESTRY	43.0344612	-76.1369148
	NEW YORK BOTANICAL GARDEN LIBRARY	40.8666904	-73.8786597
	HERKIMER COUNTY COMMUNITY COLLEGE LIBRARY	43.0322822	-75.0062459
	IONA COLLEGE	40.9271278	-73.7864435
	ALBANY MEDICAL COLLEGE	42.6532088	-73.7776623
	THE GENERAL THEOLOGICAL SEMINARY	40.7458439	-74.0039926
	NEW YORK STATE DEPARTMENT OF HEALTH	40.712519	-74.0102032
	HOUGHTON COLLEGE	42.4268184	-78.1558062
	SUNY STATE COLLEGE OF OPTOMETRY	40.7544216	-73.9822267
	TOMPKINS CORTLAND COMMUNITY COLLEGE	42.502126	-76.287671
	SUNY AGR & TECH COLLEGE AT COBLESKILL	42.671702	-74.498279
	WESTERN NEW ENGLAND UNIVERSITY LAW SCHOOL	42.116187	-72.5213609
	WILMINGTON COLLEGE	39.4447895	-83.8181626
	WESTERN NEW ENGLAND COLLEGE	42.1149784	-72.5186855
	WORCESTER POLYTECHNIC INSTITUTE	42.2745754	-71.8062724
	MANHATTANVILLE COLLEGE LIBRARY	41.0490455	-73.7031916
	FORDHAM UNIVERSITY	40.8620404	-73.8856987
	VYG	51.5629189	-0.107919
	CUNY LEHMAN COLLEGE LIBRARY	40.8719424	-73.893866
	US MERCHANT MARINE ACADEMY	40.8129628	-73.7625503
	US AIR FORCE RESOURCE LAB/AFRL	37.09024	-95.712891
	ST. BONAVENTURE UNIVERSITY	42.0784113	-78.4828822
	CLARKSON UNIVERSITY	44.6637611	-74.998544
	STONY BROOK UNIVERSITY	40.9123761	-73.1233889
	CLINTON ESSEX FRANKLIN LIBRARY SYSTEM	44.6975056	-73.4558393
	MERCY COLLEGE LIBRARY	41.021147	-73.874663
	SAINT FRANCIS COLLEGE LIBRARY	40.6913191	-73.9689141
	SAINT JOSEPHS COLLEGE, N.Y.	40.690509	-73.9677729
	HARTWICK COLLEGE	42.4573534	-75.0728868
	ST. JOHN FISHER COLLEGE	43.115372	-77.511511
	PACE UNIVERSITY LAW LIBRARY	41.0393653	-73.7660727
	THE COLLEGE OF NEW ROCHELLE	40.9016643	-73.7811969
	PACE UNIVERSITY	40.7111197	-74.0048567
	PRATT INSTITUTE	40.6912807	-73.962537
	SKIDMORE COLLEGE	43.099227	-73.782673
	ST. JOSEPHS COLLEGE	40.690509	-73.9677729
	PACE UNIVERSITY LIBRARY - PLEASANTVILLE	41.1274659	-73.8073974
	COLLEGE OF MOUNT SAINT VINCENT	40.9124186	-73.9030113
	MONTEFIORE HOSPITAL & MEDICAL CENTER	40.880273	-73.8791698
	STAFFORD CREEK CORRRECTIONS CENTER	46.924763	-123.9209137
	WASHINGTON-CENTERVILLE PUBLIC LIBRARY	39.6564828	-84.1565122
	TETON COUNTY LIBRARY	43.471592	-110.779888
	MARSHALL UNIVERSITY GRADUATE COLLEGE	38.357215	-81.6975901
	WALSH UNIVERSITY	40.8740394	-81.3688395
	UNIVERSITY OF WASHINGTON LIBRARY	47.6557702	-122.3078427
	WILKES UNIVERSITY, FARLEY LIBRARY	41.2439957	-75.8888407
	WESTCHESTER COMMUNITY COLLEGE	41.0684125	-73.789596
	ST. NORBERT COLLEGE	44.444875	-88.066303
	WEILL CORNELL MEDICAL COLLEGE IN QATAR	25.3180355	51.438919
	WAUKOSHA COUNTY TECHNICAL COLLEGE	43.0075674	-88.2234384
	EASTERN WASHINGTON UNIVERSITY	47.4905928	-117.5860889
	WELLESLEY COLLEGE	42.2935733	-71.3059277
	WENTWORTH INSTITUTE OF TECHNOLOGY	42.3360695	-71.0954018
	WESTPORT PUBLIC LIBRARY	41.1396871	-73.3613527
	WESTFIELD STATE COLLEGE	42.1318254	-72.7941529
	CALVARY HOSPITAL	40.8480084	-73.8440486
	WEST HARTFORD PUBLIC LIBRARY	41.7606651	-72.741485
	WILLCOX & SAVAGE, PC	36.8454322	-76.2894546
	SOUTH CENTRAL LIBRARY SYSTEM	43.1457125	-89.2942581
	UNIVERSITY OF WISCONSIN/STEVENS POINT	44.5294468	-89.5713776
	LEWIS-CLARK STATE COLLEGE	46.4114256	-117.0263456
	QUINSIGAMOND COMMUNITY COLLEGE	42.3146459	-71.7936924
	UNIVERSITY OF WISCONSIN/RIVER FALLS	44.8526697	-92.6206021
	SPRINGFIELD CITY LIBRARY	42.1034171	-72.5848152
	PENNSYLVANIA COLLEGE OF TECHNOLOGY	41.234716	-77.021041
	SEATTLE UNIVERSITY	47.6089705	-122.3175626
	SAINT MARTINS UNIVERSITY	47.0407318	-122.8154094
	WHITWORTH UNIVERSITY	47.7548728	-117.4178623
	GONZAGA UNIVERSITY	47.667189	-117.4023849
	UNIVERSITY OF WISCONSIN/WASHINGTON COUNTY	43.4184685	-88.2120503
	FAIRMONT STATE COLLEGE	39.4857867	-80.1630335
	KANAWHA COUNTY PUBLIC LIBRARY	38.3500517	-81.6356382
	WEST VIRGINIA WESLYAN COLLEGE	38.990005	-80.2196586
	SHEPHERD UNIVERSITY	39.4362419	-77.8088216
	WEST VIRGINIA UNIVERSITY LIBRARY	39.633156	-79.954276
	WEST LIBERTY UNIVERSITY	40.1639052	-80.600651
	CITIZENS LIBRARY	40.170073	-80.242859
	UNIVERSITY OF WYOMING LIBRARY	41.3139643	-105.5844683
	WORCESTER PUBLIC LIBRARY	42.260399	-71.800302
	EASTERN SUFFOLK BOCES SCHOOL LIBRARY SYSTEM	40.7812654	-72.996503
	SUNY COLLEGE AT BROCKPORT	43.210018	-77.9507327
	SUNY COLLEGE OF TECHNOLOGY AT DELHI	42.2704551	-74.9241128
	WESTERN WASHINGTON UNIVERSITY	48.7342883	-122.4866109
	SUNY COLLEGE AT FREDONIA	42.4538665	-79.3403633
	ALBANY PUBLIC LIBRARY	42.656601	-73.762094
	WILLIAM K SANFORD TOWN LIBRARY	42.726155	-73.792069
	BETHLEHEM PUBLIC LIBRARY	42.6196879	-73.841225
	TROY PUBLIC LIBRARY	42.5645381	-83.1546354
	CRANDALL LIBRARY	43.310994	-73.645509
	SARATOGA SPRINGS PUBLIC LIBRARY	43.0809343	-73.78327
	GUILDERLAND PUBLIC LIBRARY	42.7003882	-73.9048594
	VOORHEESVILLE PUBLIC LIBRARY	42.6582572	-73.9387739
	EAST GREENBUSH COMMUNITY LIBRARY	42.619124	-73.695531
	IBM TJ WATSON RESEARCH CENTER LIBRARY	41.2169961	-73.8072718
	SAINT LOUIS UNIVERSITY, PIUS XII LIBRARY	38.6367723	-90.2349468
	ITHACA COLLEGE	42.421658	-76.498564
	SCHENECTADY COUNTY COMMUNITY COLLEGE	42.81479	-73.9502525
	MONTGOMERY COUNTY PUBLIC LIBRARY	39.023019	-77.128779
	ST. LAWRENCE UNIVERSITY	44.5892119	-75.1608814
	MARIST COLLEGE	41.7224565	-73.9341204
	BOROUGH OF MANHATTAN COMM COLLEGE/CUNY	40.7187919	-74.0115239
	SUNY AGR & TECH COLLEGE AT MORRISVILLE	42.89549	-75.640289
	NAZARETH COLLEGE OF ROCHESTER	43.1030175	-77.520027
	INDIANA UNIVERSITY - PERDUE UNIVERSITY/COLUMBUS	39.25333	-85.9022344
	THE ANDREW W MELLON FOUNDATION LIBRARY	40.763774	-73.966377
	CUNY SCHOOL OF LAW	40.747871	-73.9437393
	QUEENS COLLEGE	40.7363725	-73.8194606
	NEWYORK PRESBYTERIAN/QUEENS	40.7473176	-73.8251598
	TOURO COLLEGE	40.7505278	-73.99595
	FORSYTH COUNTY PUBLIC LIBRARY	34.1187797	-84.1565526
	ALFRED UNIVERSITY	42.2554523	-77.7862799
	AMERICAN MUSEUM OF NATURAL HISTORY LIBRARY	40.7813011	-73.9740667
	SUNY COLLEGE AT BUFFALO	42.9335369	-78.8818886
	NEW YORK CHIROPRACTIC COLLEGE LIBRARY	42.9142839	-76.7951792
	SUNY COLLEGE AT CORTLAND	42.599001	-76.187797
	SUFFOLK COMMUNITY COLLEGE, AMMERMAN CAMPUS LIBRARY	40.7971657	-73.2724876
	NYS COLLEGE OF CERAMICS AT ALFRED UNIVERSITY	42.2532773	-77.7875935
	SOUTHERN WESTCHESTER BOCES SCHOOL LIBRARY SYSTEM	41.021687	-73.6854432
	FARMINGDALE STATE COLLEGE	40.7529512	-73.4267093
	BROOME TIOGA BOCES	42.129196	-75.9333803
	SUNY COLLEGE AT GENESEO	42.796092	-77.8237029
	HAMILTON COLLEGE	43.0524261	-75.4057949
	GENESEE COMMUNITY COLLEGE	43.0169369	-78.1378683
	DYOUVILLE COLLEGE	42.9025804	-78.8908267
	ERIE COMMUNITY COLLEGE NORTH CAMPUS	42.960164	-78.723607
	FULTON-MONTGOMERY COMMUNITY COLLEGE	42.9831	-74.2932021
	MEDAILLE COLLEGE	42.928608	-78.8559545
	KINGSBOROUGH COMMUNITY COLLEGE	40.5786362	-73.9345287
	HILBERT COLLEGE	42.7536002	-78.8214343
	JAMESTOWN COMMUNITY COLLEGE	42.1159682	-79.2200873
	CORNING MUSEUM OF GLASS/RAKOW RESEARCH LIBRARY	42.1494936	-77.0567824
	NEW YORK UNIVERSITY LAW SCHOOL LIBRARY	40.7304426	-73.9992674
	DEACONESS BILLINGS CLINIC	45.7894434	-108.512958
	YOUNGSTOWN STATE UNIVERSITY	41.10626	-80.6477
	BOCES, ST LAWRENCE-LEWIS SCHOOL LIBRARY SYSTEM	44.5949745	-75.181507
	SUNY OSWEGO	43.4514291	-76.5443166
	NEW YORK UNIVERSITY, BERN DIBNER LIBRARY	40.6946976	-73.9856659
	SUNY COLLEGE AT PLATTSBURGH	44.692543	-73.466962
	ROCHESTER PUBLIC LIBRARY	44.021763	-92.46081
	RENSSELAER POLYTECHNIC INSTITUTE	42.730172	-73.678803
	SOUTH CENTRAL REGIONAL LIBRARY COUNCIL	42.4398483	-76.4993919
	NATIONAL BASEBALL HALL OF FAME	42.6999368	-74.9232137
	OUR LADY OF LOURDES MEMORIAL HOSPITAL	42.0916462	-75.9358
	OTSEGO - NORTHERN CATSKILLS BOCES	42.3692932	-74.5092394
	WELLS COLLEGE	42.7443796	-76.6973136
	NEW YORK STATE HISTORICAL ASSOCIATION	42.716955	-74.928452
	SUNY INSTITUTE OF TECHNOLOGY	43.1355755	-75.2298915
	BASSETT MEDICAL CENTER	42.696016	-74.923186
	BROOME COUNTY PUBLIC LIBRARY	42.1003892	-75.906855
	YALE UNIVERSITY LIBRARY	41.3087515	-72.9318773
	ONONDAGA LIBRARY SYSTEM	43.0458397	-76.1520579
	UNITED STATES MILITARY ACADEMY AT WEST POINT	41.3918372	-73.9625033
	MONTANA STATE UNIVERSITY/NORTHERN	48.5408648	-109.6880953
	FOUR COUNTY LIBRARY SYSTEM	42.089831	-75.9498301
	ALBERT EINSTEIN COLLEGE OF MEDICINE	40.8521451	-73.8443938
	YESHIVA UNIVERSITY	40.8505995	-73.9293271
	ALBANY LAW SCHOOL	42.651343	-73.776883
	TWIN RIVERS CORRECTIONS CENTER	45.9234775	-119.2583252
	TACOMA COMMUNITY COLLEGE	47.2465435	-122.5216681
	WESTERN STATE HOSPITAL	47.17866	-122.5650751
	DANIEL BOONE REGIONAL LIBRARY	38.95124	-92.339283
	ST. LOUIS COUNTY LIBRARY	38.6301102	-90.4048177
	SUNY COLLEGE OF TECHNOLOGY AT ALFRED	42.2552377	-77.7946533
	BROOKLYN LAW SCHOOL LIBRARY	40.6918663	-73.9896878
	SUNY COLLEGE AT ONEONTA	42.4710197	-75.0635578
	COLUMBIA UNIVERSITY, HEALTH SCIENCES LIBRARY	40.8426079	-73.942509
	SUNY CANTON	44.602382	-75.183458
	COLUMBIA UNIVERSITY IN THE CITY OF NEW YORK	40.8075355	-73.9625727
	CAZENOVIA COLLEGE	42.9320977	-75.8541481
	CORNING COMMUNITY COLLEGE	42.117514	-77.072342
	HOBART & WILLIAM SMITH COLLEGE	42.8581166	-76.9852164
	CUNY GRADUATE CENTER	40.748449	-73.9834916
	HOSTOS COMMUNITY COLLEGE-CUNY	40.8178245	-73.9281987
	SARA HIGHTOWER REGIONAL LIBRARY	34.258237	-85.169044
	HOFSTRA UNIV LAW SCHOOL LIBRARY	40.7119597	-73.5995078
	HUNTER COLLEGE	40.7682912	-73.9644936
	HOFSTRA UNIVERSITY	40.716792	-73.5994041
	THE JUILLIARD SCHOOL	40.7737587	-73.9828286
	KEUKA COLLEGE	42.6151505	-77.0905414
	COASTAL CAROLINA UNIVERSITY	33.7949658	-79.01173
	SUNY COLLEGE AT NEW PALTZ	41.7390054	-74.0851655
	MANHATTAN COLLEGE	40.8899623	-73.9010623
	SUNY MARITIME COLLEGE LIBRARY	40.8057131	-73.7915481
	MANHATTAN SCHOOL OF MUSIC	40.8123504	-73.9613218
	NEW YORK LAW SCHOOL	40.717982	-74.006988
	NIOGA LIBRARY SYSTEM	43.222864	-78.670003
	NORTH COUNTRY COMMUNITY COLLEGE	44.3188396	-74.1211266
	THE NEW YORK SOCIETY LIBRARY	40.77634	-73.96144
	NEW YORK INSTITUTE OF TECHNOLOGY	40.7696926	-73.9825863
	SUNY COLLEGE AT OLD WESTBURY	40.7992391	-73.5738915
	SUNY COLLEGE AT PURCHASE	41.0470389	-73.7004189
	QUEENSBOROUGH COMMUNITY COLLEGE	40.7554539	-73.7574316
	NYC HEALTH AND HOSPITALS QUEENS LIBRARY	40.7174553	-73.8043343
	SUNY COLLEGE AT POTSDAM	44.6643102	-74.9761059
	QUEENS BOROUGH PUBLIC LIBRARY	40.7078838	-73.7947153
	SCOTT COMMUNITY COLLEGE, IOWA	41.5475463	-90.4684046
	VITERBO UNIVERSITY	43.8031114	-91.2445494
	SAGE COLLEGE	42.6514661	-73.7825767
	SAINT JOHNS UNIVERSITY	40.7220627	-73.7942112
	ST. JOHNS UNIVERSITY SCHOOL OF LAW	40.7216882	-73.7919162
	TOURO LAW CENTER	40.76219	-73.187972
	MID-YORK LIBRARY SYSTEM	43.094718	-75.256316
	MADISON ONEIDA BOCES SCHOOL LIBRARY SYSTEM	43.1413984	-75.5604633
	BOCES, ONONDAGA, CORTLAND & MADISON	42.5990605	-76.1593569
	ONEIDA/HERKIMER BOCES	43.0938127	-75.3220842
	SAINT JOSEPHS HOSPITAL, HEALTH CENTER LIBRARY	33.4819191	-112.0793604
	FAXTON SAINT LUKES HEALTHCARE MEDICAL LIBRARY	43.0910821	-75.2580789
	MOHAWK VALLEY COMMUNITY COLLEGE	43.077007	-75.218217
	SCHOOL OF VISUAL ARTS LIBRARY	40.7369103	-73.981241
	WAGNER COLLEGE	40.6149796	-74.0944049
	UNION COLLEGE/NEW YORK	42.8177125	-73.9295987
	CITY COLLEGE OF NEW YORK	40.8200471	-73.9492724
	BELLEVUE COMMUNITY COLLEGE	47.5843604	-122.1482167
	FORDHAM LAW SCHOOL LIBRARY	40.7709476	-73.9851325
	NEW YORK UNIVERSITY	40.7295134	-73.9964609
	CAYUGA COUNTY COMMUNITY COLLEGE	42.9438003	-76.5435399

